,corn,soy,other
corn,0.572310178892848,0.31356922756372235,0.11412059354342971
soy,0.7637580994933422,0.10075753363272702,0.13548436687393084
other,0.5355763827203016,0.11744738320976017,0.34697623406993816
