{
  "source_nc": "data/interim/cdl/cdl_stack_2008_2025.nc",
  "height": 2960,
  "width": 4096,
  "years": [
    2008,
    2009,
    2010,
    2011,
    2012,
    2013,
    2014,
    2015,
    2016,
    2017,
    2018,
    2019,
    2020,
    2021,
    2022,
    2023,
    2024,
    2025
  ],
  "crs": "EPSG:5070",
  "transform": [
    556.6650844077274,
    0.0,
    -789410.7827709025,
    0.0,
    -556.6650844077274,
    3078903.5769611606,
    0.0,
    0.0,
    1.0
  ]
}