{
  "overall_accuracy": 0.792056,
  "macro_f1": 0.7914484152140422,
  "per_class_f1": {
    "0": 0.8926132688022618,
    "1": 0.7259554293951982,
    "2": 0.7347080776772724,
    "3": 0.8125168849814361
  },
  "confusion_matrix": [
    [
      111765,
      3265,
      1801,
      8169
    ],
    [
      4751,
      97694,
      9894,
      12661
    ],
    [
      4748,
      30935,
      81305,
      8012
    ],
    [
      4158,
      12252,
      3326,
      105264
    ]
  ],
  "per_class_f1_named": {
    "other_cropland": 0.8926132688022618,
    "corn": 0.7259554293951982,
    "soybean": 0.7347080776772724,
    "winter_wheat": 0.8125168849814361
  }
}