,corn,soy,other
corn,0.3079152047223937,0.5542211915410524,0.13786360373655387
soy,0.5995731734282184,0.23794800154179868,0.1624788250299829
other,0.3390431327569113,0.2997983102927498,0.36115855695033894
